# Table Type: Attribute,
# Description: 캐릭터 및 객체 속성 정의 테이블,
# Rule: 콤마 사용 불가. Key는 고유 값이어야 하며 중복 불가. DataType은 CSharp 공용 타입 시스템 표준,
# IMovableCharacter: MoveSpeed. Acceleration. Deceleration. TurnDeceleration,
# IFallableCharacter: MoveSpeed. Acceleration,
# IJumpableCharacter: JumpCount. JumpForce,
Key,DataType
# Index: AttributeRegistry,
# Property: 체력. Description: 체력은 HUD 반 칸 기준으로 가산,
Health,int
# Property: 임시 체력. Description: 임시 체력은 HUD 반 칸 기준으로 가산,
TemporaryHealth,int
# Property: 이동속도,
MoveSpeed,float
# Property: 가속도. Priority: MoveSpeed,
Acceleration,float
# Property: 감속도. Priority: MoveSpeed,
Deceleration,float
# Property: 방향 전환 감속. Priority: MoveSpeed,
TurnDeceleration,float
# Property: 공격력,
Damage,int
# Property: 공격속도. Priority: Damage,
AttackSpeed,float
# Property: 공격범위. Priority: Damage,
AttackRange,float
# Property: 공격간격. Priority: Damage,
AttackInterval,float
# Property: 차지배율. Priority: Damage,
ChargeMultiplier,float
# Property: 관통계수. Priority: Damage,
PierceCount,int
# Property: 대시횟수,
DashCount,int
# Property: 대시쿨타임. Priority: DashCount,
DashCooldown,float
# Property: 대시거리. Priority: DashCount,
DashDistance,float
# Property: 점프횟수,
JumpCount,int
# Property: 점프력. Priority: JumpCount,
JumpForce,float
# Property: 중력저항,
GravityReduction,float
# Property: 무적시간,
InvulnerabilityDuration,float