# 플레이어 테이블,,,,,,,,,,,,,,,,,,,,
# 무기 카테고리(0: 불가 / 1: 대검 / 2: 단검 / 3: 둔기 / 4: 활 / 5: 투척),,,,,,,,,,,,,,,,,,,,
# 1. ID 열은 고유 값으로 다른 행과 동일하지 않은 값 지정,,,,,,,,,,,,,,,,,,,,
# 2. 최대 체력 임시 체력 공격력 대시 횟수 점프 횟수 열은 정수형(0) 값,,,,,,,,,,,,,,,,,,,,
# 3. 이동 속도 / 역방향 가속 / 가속 / 감속 / 공격 속도 / 대시 쿨타임 / 대시 거리 / 점프력 / 중력 보정 / 중력 경감 / 지면 인식 거리 / 무적 시간 / 오차 허용 범위 열은 실수형(0.0) 값,,,,,,,,,,,,,,,,,,,,
# 4. 가속 / 감속 / 역방향 가속 / 대시 속도 / 중력 보정 / 지면 인식 거리 / 오차 허용 범위 열은 게임 내 수치 상으로 고정된 값 지정,,,,,,,,,,,,,,,,,,,,
# 가속 및 감속 수치는 배율로 적용한다. 예) 사다리 감속 0.5 = 현재 이동 속도의 절반 / 물체 감속은 사다리 이동 및 질량을 가진 사물과 이동 시 적용한다.,,,,,,,,,,,,,,,,,,,,
# 이동 속도가 5값이고 대시 속도가 4값일 때 5값의 2배로 대시 속도를 설정한다.,,,,,,,,,,,,,,,,,,,,
# 중력 수치(9.8)는 가산으로 적용한다. 예) 중력 보정 + 3 = 12.8,,,,,,,,,,,,,,,,,,,,
# 오차 허용 범위는 웅크리기 시 충돌체 판정을 의미한다. 예) 0.5 = 충돌체 0.5값의 크기,,,,,,,,,,,,,,,,,,,,
ID,최대 체력,최대 임시 체력,이동 속도,가속,감속,역방향 가속,물체 감속,공격력,공격 속도,대시 횟수,대시 쿨타임,최대 대시 거리,대시 속도,점프 횟수,점프력,중력 보정,중력 경감,오차 허용 범위,무적 시간,무기 카테고리
1,6,0,5,8,4,2.5,0.5,0,0,5,5,5,4,2,7.5,1.5,0,0.5,0.9,0